{
  "OnlineTests": [
    {
      "name": "Sundar",
      "contactNo": "9876509876",
      "email": "sundar@singapore.com",
      "address": "Singapore",
      "username": "sundar",
      "password": "sundar",
      "id": 3
    },
    {
      "name": "Neetu",
      "contactNo": "7890654329",
      "email": "neetu@nepal.com",
      "address": "Nepal",
      "username": "Neetu",
      "password": "neetu",
      "id": 4
    },
    {
      "name": "Shyama",
      "contactNo": "5674890780",
      "email": "shyama@swis.com",
      "address": "SWITZERLAND",
      "username": "shyama",
      "password": "shyama",
      "id": 5
    }
  ],
  "users": [
    {
      "name": "a",
      "email": "aaaa",
      "password": "a",
      "id": 1
    },
    {
      "name": "b",
      "email": "bbbb",
      "password": "b",
      "id": 2
    },
    {
      "name": "Harry",
      "email": "harry@hh",
      "password": "123",
      "id": 3
    },
    {
      "name": "newuserSS",
      "email": "x",
      "password": "x",
      "id": 4
    }
  ]
}